{
    "1":"Left: Between Bottom Row of WW SB",
    "2":"Right: Between Bottom Row of WW SB",
    "3":"Left: Between Bottom Row of WW SB",
    "4":"Right: Between Bottom Row of WW SB",
    "5":"Left: Above Top Coal Burner",
    "6":"Right: Above Top Coal Burner",
    "7":"Left: Above Top Coal Burner",
    "8":"Right: Above Top Coal Burner",
    "9":"Left: Bottom of Division Panellette",
    "10":"Right: Bottom of Division Panellette",
    "11":"Left: Before SH Platen",
    "12":"Right: Before SH Platen",
    "13":"Left: Penthouse Area: Near SH Platen Header",
    "14":"Right: Penthouse Area: Near Final SH Front and Rear Headers",
    "15":"Left: Penthouse Area: Near Final SH Front and Rear Headers",
    "16":"Right: Between Final RH and WW Screen / Hangers",
    "17":"Left: Between Final RH and WW Screen / Hangers",
    "18":"Right: Near LTRH Hanger",
    "19":"Left: Near LTRH Hanger",
    "20":"Right: Above LTRH Horizontal",
    "21":"Left: Above LTRH Horizontal",
    "22":"Right: Between LTRH Intermediate Upper and Lower",
    "23":"Left: Between LTRH Intermediate Upper and Lower",
    "24":"Right: Between LTRH Intermediate Upper and Lower",
    "25":"Left: Between LTRH Intermediate Upper and Lower",
    "26":"Right: Between Economiser Lower and Upper Banks",
    "27":"Left: Between Economiser Lower and Upper Banks",
    "28":"Right: Between Economiser Lower and Upper Banks",
    "29":"Left: Between Economiser Lower and Upper Banks",
    "30":"Front: Front Water Wall Panel Below Roof"
}